{"cameraMode":{"drawMode":0,"name":"Shaded","section":"Shading Mode"},"sceneLighting":true,"audioPlay":false,"sceneViewState":{"m_AlwaysRefresh":false,"showFog":true,"showSkybox":true,"showFlares":true,"showImageEffects":true,"showParticleSystems":true,"showVisualEffectGraphs":true,"m_FxEnabled":true},"in2DMode":false,"pivot":{"x":-7.481454849243164,"y":0.7301483154296875,"z":12.926563262939454},"rotation":{"x":-0.11283379048109055,"y":0.7891768217086792,"z":-0.15243704617023469,"w":-0.5841478705406189},"size":21.250385284423829,"orthographic":false}